sheet,cell,type,value,formula
Dashboard SUL,D5,formula_error,#REF!,J5+M5+P5+S5+V5+Y5+AB5+G5+AE5+AH5+AK5+AN5
Dashboard SUL,E5,formula_error,#REF!,D5/C5
Dashboard SUL,J5,formula_error,#REF!,"GETPIVOTDATA(""WID"",'Pivot Sul'!$B$4,""Months (MOS)"",2)"
Dashboard SUL,K5,formula_error,#REF!,J5/I5
Dashboard SUL,M5,formula_error,#REF!,"GETPIVOTDATA(""WID"",'Pivot Sul'!$B$4,""Months (MOS)"",3)"
Dashboard SUL,N5,formula_error,#REF!,M5/L5
Dashboard SUL,P5,formula_error,#REF!,"GETPIVOTDATA(""WID"",'Pivot Sul'!$B$4,""Months (MOS)"",4)"
Dashboard SUL,Q5,formula_error,#REF!,P5/O5
Dashboard SUL,S5,formula_error,#REF!,"GETPIVOTDATA(""WID"",'Pivot Sul'!$B$4,""Months (MOS)"",5)"
Dashboard SUL,T5,formula_error,#REF!,S5/R5
Dashboard SUL,AK5,formula_error,#REF!,"GETPIVOTDATA(""WID"",'Pivot Sul'!$B$4,""Months (MOS)"",11)"
Dashboard SUL,AL5,formula_error,#REF!,AK5/AJ5
Dashboard SUL,AM5,formula_error,#REF!,C5-D5+AN5
Dashboard SUL,AO5,formula_error,#REF!,AN5/AM5
Dashboard SUL,D6,formula_error,#REF!,J6+M6+P6+S6+V6+Y6+AB6+G6+AE6+AH6+AK6+AN6
Dashboard SUL,E6,formula_error,#REF!,D6/D5
Dashboard SUL,I6,formula_error,#REF!,F6+J5-G6
Dashboard SUL,J6,formula_error,#REF!,"GETPIVOTDATA(""WID"",'Pivot Sul'!$I$4,""Months (HI Done)"",2)"
Dashboard SUL,K6,formula_error,#REF!,J6/I6
Dashboard SUL,L6,formula_error,#REF!,M5+I6-J6
Dashboard SUL,M6,formula_error,#REF!,"GETPIVOTDATA(""WID"",'Pivot Sul'!$I$4,""Months (HI Done)"",3)"
Dashboard SUL,N6,formula_error,#REF!,M6/L6
Dashboard SUL,O6,formula_error,#REF!,P5+L6-M6
Dashboard SUL,P6,formula_error,#REF!,"GETPIVOTDATA(""WID"",'Pivot Sul'!$I$4,""Months (HI Done)"",4)"
Dashboard SUL,Q6,formula_error,#REF!,P6/O6
Dashboard SUL,R6,formula_error,#REF!,S5+O6-P6
Dashboard SUL,S6,formula_error,#REF!,"GETPIVOTDATA(""WID"",'Pivot Sul'!$I$4,""Months (HI Done)"",5)"
Dashboard SUL,T6,formula_error,#REF!,S6/R6
Dashboard SUL,U6,formula_error,#REF!,V5+R6-S6
Dashboard SUL,W6,formula_error,#REF!,V6/U6
Dashboard SUL,X6,formula_error,#REF!,Y5+U6-V6
Dashboard SUL,Z6,formula_error,#REF!,Y6/X6
Dashboard SUL,AA6,formula_error,#REF!,AB5+X6-Y6
Dashboard SUL,AC6,formula_error,#REF!,AB6/AA6
Dashboard SUL,AD6,formula_error,#REF!,AE5+AA6-AB6
Dashboard SUL,AF6,formula_error,#REF!,AE6/AD6
Dashboard SUL,AG6,formula_error,#REF!,AH5+AD6-AE6
Dashboard SUL,AI6,formula_error,#REF!,AH6/AG6
Dashboard SUL,AJ6,formula_error,#REF!,AK5+AG6-AH6
Dashboard SUL,AK6,formula_error,#REF!,"GETPIVOTDATA(""WID"",'Pivot Sul'!$I$4,""Months (HI Done)"",11)"
Dashboard SUL,AL6,formula_error,#REF!,AK6/AJ6
Dashboard SUL,AM6,formula_error,#REF!,AN5+AJ6-AK6
Dashboard SUL,AO6,formula_error,#REF!,AN6/AM6
Dashboard SUL,D7,formula_error,#REF!,J7+M7+P7+S7+V7+Y7+AB7+G7+AE7+AH7+AK7+AN7
Dashboard SUL,E7,formula_error,#REF!,D7/D6
Dashboard SUL,G7,formula_error,#REF!,"GETPIVOTDATA(""WID"",'Pivot Sul'!$O$4,""Months (Connected Date)"",1)"
Dashboard SUL,H7,formula_error,#REF!,G7/F7
Dashboard SUL,J7,formula_error,#REF!,"GETPIVOTDATA(""WID"",'Pivot Sul'!$O$4,""Months (Connected Date)"",2)"
Dashboard SUL,K7,formula_error,#REF!,J7/I7
Dashboard SUL,M7,formula_error,#REF!,"GETPIVOTDATA(""WID"",'Pivot Sul'!$O$4,""Months (Connected Date)"",3)"
Dashboard SUL,N7,formula_error,#REF!,M7/L7
Dashboard SUL,P7,formula_error,#REF!,"GETPIVOTDATA(""WID"",'Pivot Sul'!$O$4,""Months (Connected Date)"",4)"
Dashboard SUL,Q7,formula_error,#REF!,P7/O7
Dashboard SUL,R7,formula_error,#REF!,S6+O7-P7
Dashboard SUL,S7,formula_error,#REF!,"GETPIVOTDATA(""WID"",'Pivot Sul'!$O$4,""Months (Connected Date)"",5)"
Dashboard SUL,T7,formula_error,#REF!,S7/R7
Dashboard SUL,U7,formula_error,#REF!,V6+R7-S7
Dashboard SUL,W7,formula_error,#REF!,V7/U7
Dashboard SUL,X7,formula_error,#REF!,Y6+U7-V7
Dashboard SUL,Z7,formula_error,#REF!,Y7/X7
Dashboard SUL,AA7,formula_error,#REF!,AB6+X7-Y7
Dashboard SUL,AC7,formula_error,#REF!,AB7/AA7
Dashboard SUL,AD7,formula_error,#REF!,AE6+AA7-AB7
Dashboard SUL,AF7,formula_error,#REF!,AE7/AD7
Dashboard SUL,AG7,formula_error,#REF!,AH6+AD7-AE7
Dashboard SUL,AI7,formula_error,#REF!,AH7/AG7
Dashboard SUL,AJ7,formula_error,#REF!,AK6+AG7-AH7
Dashboard SUL,AL7,formula_error,#REF!,AK7/AJ7
Dashboard SUL,AM7,formula_error,#REF!,AN6+AJ7-AK7
Dashboard SUL,AN7,formula_error,#REF!,"GETPIVOTDATA(""WID"",'Pivot Sul'!$O$4,""Months (Connected Date)"",12)"
Dashboard SUL,AO7,formula_error,#REF!,AN7/AM7
Site_KAL,AC23,formula_error,#VALUE!,"IF(Z23="""",""Permit NY Requested"",IF(AA23="""",""Permit NY Release"",IF(AB23-TODAY()<1,""Expired Need Extend"",""Permit Ready"")))"
Site_KAL,CN29,cell_error,#N/A,
Site_KAL,CO29,cell_error,#N/A,
Site_KAL,CP29,cell_error,#N/A,
Site_KAL,CN35,cell_error,#N/A,
Site_KAL,CO35,cell_error,#N/A,
Site_KAL,CP35,cell_error,#N/A,
Site_KAL,CN38,cell_error,#N/A,
Site_KAL,CO38,cell_error,#N/A,
Site_KAL,CP38,cell_error,#N/A,
Site_KAL,CN70,cell_error,#N/A,
Site_KAL,CO70,cell_error,#N/A,
Site_KAL,CP70,cell_error,#N/A,
Site_KAL,CN108,cell_error,#N/A,
Site_KAL,CO108,cell_error,#N/A,
Site_KAL,CP108,cell_error,#N/A,
Site_KAL,CN120,cell_error,#N/A,
Site_KAL,CO120,cell_error,#N/A,
Site_KAL,CP120,cell_error,#N/A,
Site_KAL,CN121,cell_error,#N/A,
Site_KAL,CO121,cell_error,#N/A,
Site_KAL,CP121,cell_error,#N/A,
Site_KAL,CN122,cell_error,#N/A,
Site_KAL,CO122,cell_error,#N/A,
Site_KAL,CP122,cell_error,#N/A,
Site_KAL,CN123,cell_error,#N/A,
Site_KAL,CO123,cell_error,#N/A,
Site_KAL,CP123,cell_error,#N/A,
Site_KAL,CN128,cell_error,#N/A,
Site_KAL,CO128,cell_error,#N/A,
Site_KAL,CP128,cell_error,#N/A,
Site_KAL,CN147,cell_error,#N/A,
Site_KAL,CO147,cell_error,#N/A,
Site_KAL,CP147,cell_error,#N/A,
Site_KAL,CN162,cell_error,#N/A,
Site_KAL,CO162,cell_error,#N/A,
Site_KAL,CP162,cell_error,#N/A,
Site_KAL,CN163,cell_error,#N/A,
Site_KAL,CO163,cell_error,#N/A,
Site_KAL,CP163,cell_error,#N/A,
Site_SUL,K4,cell_error,#N/A,
Site_SUL,L4,cell_error,#N/A,
Site_SUL,K6,cell_error,#N/A,
Site_SUL,L6,cell_error,#N/A,
Site_SUL,K8,cell_error,#N/A,
Site_SUL,L8,cell_error,#N/A,
Site_SUL,K10,cell_error,#N/A,
Site_SUL,L10,cell_error,#N/A,
Site_SUL,K12,cell_error,#N/A,
Site_SUL,L12,cell_error,#N/A,
Site_SUL,K13,cell_error,#N/A,
Site_SUL,L13,cell_error,#N/A,
Site_SUL,K14,cell_error,#N/A,
Site_SUL,L14,cell_error,#N/A,
Site_SUL,K16,cell_error,#N/A,
Site_SUL,L16,cell_error,#N/A,
Site_SUL,K17,cell_error,#N/A,
Site_SUL,L17,cell_error,#N/A,
Site_SUL,K18,cell_error,#N/A,
Site_SUL,L18,cell_error,#N/A,
Site_SUL,K19,cell_error,#N/A,
Site_SUL,L19,cell_error,#N/A,
Site_SUL,K20,cell_error,#N/A,
Site_SUL,L20,cell_error,#N/A,
Site_SUL,K21,cell_error,#N/A,
Site_SUL,L21,cell_error,#N/A,
Site_SUL,K22,cell_error,#N/A,
Site_SUL,L22,cell_error,#N/A,
Site_SUL,K26,cell_error,#N/A,
Site_SUL,L26,cell_error,#N/A,
Site_SUL,K27,cell_error,#N/A,
Site_SUL,L27,cell_error,#N/A,
Site_SUL,K29,cell_error,#N/A,
Site_SUL,L29,cell_error,#N/A,
Site_SUL,K33,cell_error,#N/A,
Site_SUL,L33,cell_error,#N/A,
Site_SUL,K34,cell_error,#N/A,
Site_SUL,L34,cell_error,#N/A,
Site_SUL,K35,cell_error,#N/A,
Site_SUL,L35,cell_error,#N/A,
Site_SUL,K36,cell_error,#N/A,
Site_SUL,L36,cell_error,#N/A,
Site_SUL,K38,cell_error,#N/A,
Site_SUL,L38,cell_error,#N/A,
Site_SUL,K39,cell_error,#N/A,
Site_SUL,L39,cell_error,#N/A,
Site_SUL,K41,cell_error,#N/A,
Site_SUL,L41,cell_error,#N/A,
Site_SUL,K44,cell_error,#N/A,
Site_SUL,L44,cell_error,#N/A,
Site_SUL,K45,cell_error,#N/A,
Site_SUL,L45,cell_error,#N/A,
Site_SUL,K46,cell_error,#N/A,
Site_SUL,L46,cell_error,#N/A,
Site_SUL,K48,cell_error,#N/A,
Site_SUL,L48,cell_error,#N/A,
Site_SUL,K49,cell_error,#N/A,
Site_SUL,L49,cell_error,#N/A,
Site_SUL,K54,cell_error,#N/A,
Site_SUL,L54,cell_error,#N/A,
Site_SUL,K55,cell_error,#N/A,
Site_SUL,L55,cell_error,#N/A,
Site_SUL,K59,cell_error,#N/A,
Site_SUL,L59,cell_error,#N/A,
Site_SUL,K60,cell_error,#N/A,
Site_SUL,L60,cell_error,#N/A,
Site_SUL,K61,cell_error,#N/A,
Site_SUL,L61,cell_error,#N/A,
Site_SUL,K62,cell_error,#N/A,
Site_SUL,L62,cell_error,#N/A,
Site_SUL,K63,cell_error,#N/A,
Site_SUL,L63,cell_error,#N/A,
Site_SUL,K64,cell_error,#N/A,
Site_SUL,L64,cell_error,#N/A,
Site_SUL,K65,cell_error,#N/A,
Site_SUL,L65,cell_error,#N/A,
Site_SUL,K66,cell_error,#N/A,
Site_SUL,L66,cell_error,#N/A,
Site_SUL,K67,cell_error,#N/A,
Site_SUL,L67,cell_error,#N/A,
Site_SUL,K68,cell_error,#N/A,
Site_SUL,L68,cell_error,#N/A,
Site_SUL,K69,cell_error,#N/A,
Site_SUL,L69,cell_error,#N/A,
Site_SUL,K70,cell_error,#N/A,
Site_SUL,L70,cell_error,#N/A,
Site_SUL,K71,cell_error,#N/A,
Site_SUL,L71,cell_error,#N/A,
Site_SUL,K76,cell_error,#N/A,
Site_SUL,L76,cell_error,#N/A,
Site_SUL,K77,cell_error,#N/A,
Site_SUL,L77,cell_error,#N/A,
Site_SUL,K78,cell_error,#N/A,
Site_SUL,L78,cell_error,#N/A,
Site_SUL,K79,cell_error,#N/A,
Site_SUL,L79,cell_error,#N/A,
Site_SUL,K80,cell_error,#N/A,
Site_SUL,L80,cell_error,#N/A,
Site_SUL,K81,cell_error,#N/A,
Site_SUL,L81,cell_error,#N/A,
Site_SUL,K82,cell_error,#N/A,
Site_SUL,L82,cell_error,#N/A,
Site_SUL,K83,cell_error,#N/A,
Site_SUL,L83,cell_error,#N/A,
Site_SUL,K84,cell_error,#N/A,
Site_SUL,L84,cell_error,#N/A,
Site_SUL,K85,cell_error,#N/A,
Site_SUL,L85,cell_error,#N/A,
Site_SUL,K87,cell_error,#N/A,
Site_SUL,L87,cell_error,#N/A,
Site_SUL,K88,cell_error,#N/A,
Site_SUL,L88,cell_error,#N/A,
Site_SUL,K89,cell_error,#N/A,
Site_SUL,L89,cell_error,#N/A,
Site_SUL,K90,cell_error,#N/A,
Site_SUL,L90,cell_error,#N/A,
Site_SUL,K91,cell_error,#N/A,
Site_SUL,L91,cell_error,#N/A,
Site_SUL,K92,cell_error,#N/A,
Site_SUL,L92,cell_error,#N/A,
Site_SUL,K93,cell_error,#N/A,
Site_SUL,L93,cell_error,#N/A,
Site_SUL,K94,cell_error,#N/A,
Site_SUL,L94,cell_error,#N/A,
Site_SUL,K96,cell_error,#N/A,
Site_SUL,L96,cell_error,#N/A,
Site_SUL,K97,cell_error,#N/A,
Site_SUL,L97,cell_error,#N/A,
Site_SUL,K98,cell_error,#N/A,
Site_SUL,L98,cell_error,#N/A,
Site_SUL,K99,cell_error,#N/A,
Site_SUL,L99,cell_error,#N/A,
Site_SUL,K100,cell_error,#N/A,
Site_SUL,L100,cell_error,#N/A,
Site_SUL,K101,cell_error,#N/A,
Site_SUL,L101,cell_error,#N/A,
Site_SUL,K102,cell_error,#N/A,
Site_SUL,L102,cell_error,#N/A,
Site_SUL,K103,cell_error,#N/A,
Site_SUL,L103,cell_error,#N/A,
Site_SUL,K104,cell_error,#N/A,
Site_SUL,L104,cell_error,#N/A,
Site_SUL,K105,cell_error,#N/A,
Site_SUL,L105,cell_error,#N/A,
Site_SUL,K106,cell_error,#N/A,
Site_SUL,L106,cell_error,#N/A,
Site_SUL,K107,cell_error,#N/A,
Site_SUL,L107,cell_error,#N/A,
Site_SUL,K108,cell_error,#N/A,
Site_SUL,L108,cell_error,#N/A,
Site_SUL,K109,cell_error,#N/A,
Site_SUL,L109,cell_error,#N/A,
Site_SUL,K110,cell_error,#N/A,
Site_SUL,L110,cell_error,#N/A,
Site_SUL,K111,cell_error,#N/A,
Site_SUL,L111,cell_error,#N/A,
Site_SUL,K112,cell_error,#N/A,
Site_SUL,L112,cell_error,#N/A,
Site_SUL,K113,cell_error,#N/A,
Site_SUL,L113,cell_error,#N/A,
Site_SUL,K114,cell_error,#N/A,
Site_SUL,L114,cell_error,#N/A,
Site_SUL,K115,cell_error,#N/A,
Site_SUL,L115,cell_error,#N/A,
Site_SUL,K116,cell_error,#N/A,
Site_SUL,L116,cell_error,#N/A,
Site_SUL,K121,cell_error,#N/A,
Site_SUL,L121,cell_error,#N/A,
Site_SUL,K122,cell_error,#N/A,
Site_SUL,L122,cell_error,#N/A,
Site_SUL,K123,cell_error,#N/A,
Site_SUL,L123,cell_error,#N/A,
Site_SUL,K124,cell_error,#N/A,
Site_SUL,L124,cell_error,#N/A,
Site_SUL,K125,cell_error,#N/A,
Site_SUL,L125,cell_error,#N/A,
Site_SUL,K126,cell_error,#N/A,
Site_SUL,L126,cell_error,#N/A,
Site_SUL,K127,cell_error,#N/A,
Site_SUL,L127,cell_error,#N/A,
Site_SUL,K131,cell_error,#N/A,
Site_SUL,L131,cell_error,#N/A,
Site_SUL,K132,cell_error,#N/A,
Site_SUL,L132,cell_error,#N/A,
Site_SUL,K133,cell_error,#N/A,
Site_SUL,L133,cell_error,#N/A,
Site_SUL,K134,cell_error,#N/A,
Site_SUL,L134,cell_error,#N/A,
Site_SUL,K135,cell_error,#N/A,
Site_SUL,L135,cell_error,#N/A,
Site_SUL,K136,cell_error,#N/A,
Site_SUL,L136,cell_error,#N/A,
Site_SUL,K137,cell_error,#N/A,
Site_SUL,L137,cell_error,#N/A,
Site_SUL,K138,cell_error,#N/A,
Site_SUL,L138,cell_error,#N/A,
Site_SUL,K139,cell_error,#N/A,
Site_SUL,L139,cell_error,#N/A,
Site_SUL,K140,cell_error,#N/A,
Site_SUL,L140,cell_error,#N/A,
Site_SUL,K141,cell_error,#N/A,
Site_SUL,L141,cell_error,#N/A,
Site_SUL,K142,cell_error,#N/A,
Site_SUL,L142,cell_error,#N/A,
Site_SUL,K143,cell_error,#N/A,
Site_SUL,L143,cell_error,#N/A,
Site_SUL,K144,cell_error,#N/A,
Site_SUL,L144,cell_error,#N/A,
Site_SUL,K145,cell_error,#N/A,
Site_SUL,L145,cell_error,#N/A,
Site_SUL,K146,cell_error,#N/A,
Site_SUL,L146,cell_error,#N/A,
Site_SUL,K148,cell_error,#N/A,
Site_SUL,L148,cell_error,#N/A,
Site_SUL,K149,cell_error,#N/A,
Site_SUL,L149,cell_error,#N/A,
Site_SUL,K153,cell_error,#N/A,
Site_SUL,L153,cell_error,#N/A,
Site_SUL,K154,cell_error,#N/A,
Site_SUL,L154,cell_error,#N/A,
Site_SUL,K155,cell_error,#N/A,
Site_SUL,L155,cell_error,#N/A,
Site_SUL,K156,cell_error,#N/A,
Site_SUL,L156,cell_error,#N/A,
Site_SUL,K158,cell_error,#N/A,
Site_SUL,L158,cell_error,#N/A,
Site_SUL,K162,cell_error,#N/A,
Site_SUL,L162,cell_error,#N/A,
Site_SUL,K163,cell_error,#N/A,
Site_SUL,L163,cell_error,#N/A,
Site_SUL,K164,cell_error,#N/A,
Site_SUL,L164,cell_error,#N/A,
Site_SUL,K165,cell_error,#N/A,
Site_SUL,L165,cell_error,#N/A,
Site_SUL,K173,cell_error,#N/A,
Site_SUL,L173,cell_error,#N/A,
Site_SUL,K175,cell_error,#N/A,
Site_SUL,L175,cell_error,#N/A,
Site_SUL,K178,cell_error,#N/A,
Site_SUL,L178,cell_error,#N/A,
Site_SUL,K199,cell_error,#N/A,
Site_SUL,L199,cell_error,#N/A,
Site_SUL,K209,cell_error,#N/A,
Site_SUL,L209,cell_error,#N/A,
Site_SUL,K212,cell_error,#N/A,
Site_SUL,L212,cell_error,#N/A,
Site_SUL,K213,cell_error,#N/A,
Site_SUL,L213,cell_error,#N/A,
Site_SUL,K214,cell_error,#N/A,
Site_SUL,L214,cell_error,#N/A,
Site_SUL,K215,cell_error,#N/A,
Site_SUL,L215,cell_error,#N/A,
Site_SUL,CT242,cell_error,#N/A,
Site_SUL,K250,cell_error,#N/A,
Site_SUL,L250,cell_error,#N/A,
Site_SUL,K256,cell_error,#N/A,
Site_SUL,L256,cell_error,#N/A,
Site_SUL,K257,cell_error,#N/A,
Site_SUL,L257,cell_error,#N/A,
Site_SUL,K267,cell_error,#N/A,
Site_SUL,L267,cell_error,#N/A,
Site_SUL,K272,cell_error,#N/A,
Site_SUL,L272,cell_error,#N/A,
Site_SUL,K287,cell_error,#N/A,
Site_SUL,L287,cell_error,#N/A,
Site_SUL,K288,cell_error,#N/A,
Site_SUL,L288,cell_error,#N/A,
Site_SUL,K289,cell_error,#N/A,
Site_SUL,L289,cell_error,#N/A,
Site_SUL,K290,cell_error,#N/A,
Site_SUL,L290,cell_error,#N/A,
Site_SUL,K291,cell_error,#N/A,
Site_SUL,L291,cell_error,#N/A,
Site_SUL,K294,cell_error,#N/A,
Site_SUL,L294,cell_error,#N/A,
Site_SUL,K296,cell_error,#N/A,
Site_SUL,L296,cell_error,#N/A,
Site_SUL,C553,cell_error,#N/A,
Site_SUL,K553,cell_error,#N/A,
Site_SUL,L553,cell_error,#N/A,
Site_SUL,CT553,cell_error,#N/A,
Site_SUL,C554,cell_error,#N/A,
Site_SUL,K554,cell_error,#N/A,
Site_SUL,L554,cell_error,#N/A,
Site_SUL,CT554,cell_error,#N/A,
Site_SUL,C555,cell_error,#N/A,
Site_SUL,K555,cell_error,#N/A,
Site_SUL,L555,cell_error,#N/A,
Site_SUL,CT555,cell_error,#N/A,
Site_SUL,C556,cell_error,#N/A,
Site_SUL,K556,cell_error,#N/A,
Site_SUL,L556,cell_error,#N/A,
Site_SUL,CT556,cell_error,#N/A,
Site_SUL,C557,cell_error,#N/A,
Site_SUL,K557,cell_error,#N/A,
Site_SUL,L557,cell_error,#N/A,
Site_SUL,CT557,cell_error,#N/A,
Site_SUL,C558,cell_error,#N/A,
Site_SUL,K558,cell_error,#N/A,
Site_SUL,L558,cell_error,#N/A,
Site_SUL,CT558,cell_error,#N/A,
Site_SUL,C559,cell_error,#N/A,
Site_SUL,CT559,cell_error,#N/A,
Site_SUL,C560,cell_error,#N/A,
Site_SUL,CT560,cell_error,#N/A,
Site_SUL,C561,cell_error,#N/A,
Site_SUL,K561,cell_error,#N/A,
Site_SUL,L561,cell_error,#N/A,
Site_SUL,CT561,cell_error,#N/A,
Site_SUL,C562,cell_error,#N/A,
Site_SUL,CT562,cell_error,#N/A,
Site_SUL,C563,cell_error,#N/A,
Site_SUL,CT563,cell_error,#N/A,
Site_SUL,C564,cell_error,#N/A,
Site_SUL,CT564,cell_error,#N/A,
Site_SUL,C565,cell_error,#N/A,
Site_SUL,CT565,cell_error,#N/A,
Site_SUL,C566,cell_error,#N/A,
Site_SUL,CT566,cell_error,#N/A,
Site_SUL,C567,cell_error,#N/A,
Site_SUL,K567,cell_error,#N/A,
Site_SUL,L567,cell_error,#N/A,
Site_SUL,CT567,cell_error,#N/A,
Site_SUL,C568,cell_error,#N/A,
Site_SUL,K568,cell_error,#N/A,
Site_SUL,L568,cell_error,#N/A,
Site_SUL,CT568,cell_error,#N/A,
Site_SUL,C569,cell_error,#N/A,
Site_SUL,CT569,cell_error,#N/A,
Site_SUL,C570,cell_error,#N/A,
Site_SUL,CT570,cell_error,#N/A,
Site_SUL,C571,cell_error,#N/A,
Site_SUL,CT571,cell_error,#N/A,
Site_SUL,C572,cell_error,#N/A,
Site_SUL,K572,cell_error,#N/A,
Site_SUL,L572,cell_error,#N/A,
Site_SUL,CT572,cell_error,#N/A,
Site_SUL,C573,cell_error,#N/A,
Site_SUL,K573,cell_error,#N/A,
Site_SUL,L573,cell_error,#N/A,
Site_SUL,CT573,cell_error,#N/A,
Site_SUL,C574,cell_error,#N/A,
Site_SUL,K574,cell_error,#N/A,
Site_SUL,L574,cell_error,#N/A,
Site_SUL,CT574,cell_error,#N/A,
Site_SUL,C909,cell_error,#N/A,
Site_SUL,CT909,cell_error,#N/A,
Site_SUL,C920,cell_error,#N/A,
Site_SUL,K920,cell_error,#N/A,
Site_SUL,L920,cell_error,#N/A,
Site_SUL,CT920,cell_error,#N/A,
Site_SUL,C1373,cell_error,#N/A,
Site_SUL,K1373,cell_error,#N/A,
Site_SUL,L1373,cell_error,#N/A,
Site_SUL,CT1373,cell_error,#N/A,
