file,name,cacheId,rowHeaderCaption,dataCaption
pivotTable1.xml,PivotTable1,5,,Values
pivotTable10.xml,PivotTable3,37,Assignment,Values
pivotTable11.xml,PivotTable20,37,SM ATP,Values
pivotTable12.xml,PivotTable19,37,,Values
pivotTable13.xml,PivotTable18,37,SM ATP,Values
pivotTable14.xml,PivotTable26,37,SM ATP,Values
pivotTable15.xml,PivotTable2,37,eATP Done,Values
pivotTable16.xml,PivotTable16,37,SM ATP,Values
pivotTable17.xml,PivotTable7,37,SM Dismantle,Values
pivotTable18.xml,PivotTable1,37,,Values
pivotTable19.xml,PivotTable19,37,,Values
pivotTable2.xml,PivotTable6,37,SM ATP,Values
pivotTable20.xml,PivotTable4,5,,Values
pivotTable21.xml,PivotTable9,0,,Values
pivotTable22.xml,PivotTable10,0,,Values
pivotTable23.xml,PivotTable4,1,,Values
pivotTable24.xml,PivotTable1,1,,Values
pivotTable25.xml,PivotTable8,0,,Values
pivotTable26.xml,PivotTable3,1,,Values
pivotTable27.xml,PivotTable6,0,,Values
pivotTable28.xml,PivotTable14,4,,Values
pivotTable29.xml,PivotTable2,3,,Values
pivotTable3.xml,PivotTable1,37,FI Ineom,Values
pivotTable30.xml,PivotTable8,4,,Values
pivotTable31.xml,PivotTable11,4,,Values
pivotTable32.xml,PivotTable15,4,,Values
pivotTable33.xml,PivotTable6,4,,Values
pivotTable34.xml,PivotTable5,4,,Values
pivotTable35.xml,PivotTable16,4,,Values
pivotTable36.xml,PivotTable9,4,,Values
pivotTable37.xml,PivotTable19,4,,Values
pivotTable38.xml,PivotTable1,3,,Values
pivotTable39.xml,PivotTable13,2,,Values
pivotTable4.xml,PivotTable29,37,FI INEOM,Values
pivotTable40.xml,PivotTable10,4,,Values
pivotTable41.xml,PivotTable17,4,,Values
pivotTable42.xml,PivotTable12,2,,Values
pivotTable43.xml,PivotTable3,3,,Values
pivotTable44.xml,PivotTable4,4,,Values
pivotTable45.xml,PivotTable18,4,,Values
pivotTable46.xml,PivotTable7,4,,Values
pivotTable47.xml,PivotTable7,1,,Values
pivotTable48.xml,PivotTable9,0,,Values
pivotTable49.xml,PivotTable8,1,,Values
pivotTable5.xml,PivotTable17,37,SM ATP,Values
pivotTable50.xml,PivotTable2,3,,Values
pivotTable51.xml,PivotTable4,4,,Values
pivotTable52.xml,PivotTable1,3,,Values
pivotTable53.xml,PivotTable5,3,,Values
pivotTable54.xml,PivotTable6,3,,Values
pivotTable6.xml,PivotTable8,37,Inbound,Values
pivotTable7.xml,PivotTable9,37,Assignment,Values
pivotTable8.xml,PivotTable13,37,SM ATP,Values
pivotTable9.xml,PivotTable5,37,"SM Kitting, PTW & EHS",Values
